Ip,Ton,Toff,Vs,MRR,SR
20,110,50,220,7.896199999999993,2.1400000000000077
20,110,50,230,8.061700000000016,2.1400000000000023
20,110,50,240,8.08380000000001,2.180000000000012
20,110,55,220,7.656025,1.960000000000015
20,110,55,230,7.821524999999994,1.9600000000000097
20,110,55,240,7.843624999999989,2.0000000000000195
20,110,60,220,7.792500000000011,1.9600000000000062
20,110,60,230,7.9580000000000055,1.9600000000000009
20,110,60,240,7.9801,2.0000000000000107
20,115,50,220,8.08082499999999,2.3700000000000045
20,115,50,230,8.246325000000013,2.369999999999999
20,115,50,240,8.268425000000008,2.410000000000009
20,115,55,220,7.840649999999997,2.190000000000012
20,115,55,230,8.006149999999991,2.1900000000000066
20,115,55,240,8.028249999999986,2.2300000000000164
20,115,60,220,7.977125000000008,2.190000000000003
20,115,60,230,8.142625000000002,2.1899999999999977
20,115,60,240,8.164724999999997,2.2300000000000075
20,120,50,220,8.02209999999998,2.3700000000000117
20,120,50,230,8.187600000000003,2.3700000000000063
20,120,50,240,8.209699999999998,2.410000000000016
20,120,55,220,7.781924999999987,2.190000000000019
20,120,55,230,7.947424999999981,2.1900000000000137
20,120,55,240,7.969524999999976,2.2300000000000235
20,120,60,220,7.918399999999998,2.19000000000001
20,120,60,230,8.083899999999993,2.190000000000005
20,120,60,240,8.105999999999987,2.2300000000000146
25,110,50,220,8.29612499999999,2.6100000000000065
25,110,50,230,8.461624999999984,2.610000000000001
25,110,50,240,8.483724999999978,2.650000000000011
25,110,55,220,8.055949999999982,2.430000000000014
25,110,55,230,8.22144999999999,2.4300000000000086
25,110,55,240,8.243549999999985,2.4700000000000184
25,110,60,220,8.192424999999979,2.430000000000005
25,110,60,230,8.357925000000002,2.4299999999999997
25,110,60,240,8.380024999999996,2.4700000000000095
25,115,50,220,8.480749999999986,2.8400000000000034
25,115,50,230,8.64624999999998,2.839999999999998
25,115,50,240,8.668349999999975,2.880000000000008
25,115,55,220,8.240574999999978,2.660000000000011
25,115,55,230,8.406074999999987,2.6600000000000055
25,115,55,240,8.428174999999982,2.7000000000000153
25,115,60,220,8.377049999999976,2.660000000000002
25,115,60,230,8.542549999999999,2.6599999999999966
25,115,60,240,8.564649999999993,2.7000000000000064
25,120,50,220,8.422024999999977,2.8400000000000105
25,120,50,230,8.587524999999971,2.840000000000005
25,120,50,240,8.609624999999966,2.880000000000015
25,120,55,220,8.181849999999969,2.660000000000018
25,120,55,230,8.347349999999977,2.6600000000000126
25,120,55,240,8.369449999999972,2.7000000000000224
25,120,60,220,8.318324999999966,2.660000000000009
25,120,60,230,8.483824999999989,2.6600000000000037
25,120,60,240,8.505924999999984,2.7000000000000135
30,110,50,220,8.432699999999997,2.740000000000009
30,110,50,230,8.598199999999991,2.7400000000000038
30,110,50,240,8.620299999999986,2.7800000000000136
30,110,55,220,8.19252499999999,2.5600000000000165
30,110,55,230,8.358024999999998,2.560000000000011
30,110,55,240,8.380124999999992,2.600000000000021
30,110,60,220,8.328999999999986,2.5600000000000076
30,110,60,230,8.49450000000001,2.5600000000000023
30,110,60,240,8.516600000000004,2.600000000000012
30,115,50,220,8.617324999999994,2.970000000000006
30,115,50,230,8.782824999999988,2.9700000000000006
30,115,50,240,8.804924999999983,3.0100000000000104
30,115,55,220,8.377149999999986,2.7900000000000134
30,115,55,230,8.542649999999995,2.790000000000008
30,115,55,240,8.56474999999999,2.830000000000018
30,115,60,220,8.513624999999983,2.7900000000000045
30,115,60,230,8.679125000000006,2.789999999999999
30,115,60,240,8.701225,2.830000000000009
30,120,50,220,8.558599999999984,2.970000000000013
30,120,50,230,8.724099999999979,2.9700000000000077
30,120,50,240,8.746199999999973,3.0100000000000176
30,120,55,220,8.318424999999976,2.7900000000000205
30,120,55,230,8.483924999999985,2.790000000000015
30,120,55,240,8.50602499999998,2.830000000000025
30,120,60,220,8.454899999999974,2.7900000000000116
30,120,60,230,8.620399999999997,2.7900000000000063
30,120,60,240,8.642499999999991,2.830000000000016
23,120,58,221,8.113171999999985,2.489399999999998
26,113,58,222,8.325569000000016,2.623999999999983
21,117,59,222,8.07103499999998,2.321199999999978
22,120,54,240,8.178999999999988,2.4804000000000173
23,111,54,233,8.189065,2.376600000000016
29,120,57,225,8.42224499999999,2.7646000000000033
26,120,58,221,8.28992299999998,2.6898
20,117,57,232,8.037146000000007,2.2007999999999885
28,116,54,228,8.523619999999987,2.815600000000021
30,113,60,221,8.491980000000005,2.7237999999999953
24,118,50,220,8.41579999999999,2.8007999999999953
21,116,51,221,8.134436999999977,2.4573999999999945
25,118,50,225,8.575391999999994,2.8626000000000005
22,114,50,239,8.446783000000003,2.605400000000005
28,112,55,221,8.295552,2.6666000000000025
20,111,54,226,7.846829000000007,2.0411999999999964
26,119,51,239,8.615297000000005,2.8953999999999986
26,110,55,237,8.300359999999998,2.5070000000000032
22,112,50,236,8.386792,2.507600000000009
24,117,53,221,8.261244999999988,2.669399999999994
29,116,58,231,8.589475999999976,2.790200000000004
30,114,54,226,8.494104000000014,2.779199999999996
25,114,51,231,8.559289,2.7641999999999864
26,118,56,230,8.445588000000015,2.726399999999993
23,114,57,229,8.259544999999996,2.4618000000000073
24,112,50,233,8.527446999999995,2.670600000000004
24,113,53,238,8.382533999999993,2.607999999999981
24,117,50,228,8.57141699999999,2.7975999999999903
21,117,50,237,8.383616999999987,2.542599999999984
27,111,60,222,8.379622000000012,2.5839999999999943
25,116,56,237,8.441487999999978,2.687800000000001
20,113,52,227,8.025815999999992,2.207800000000006
25,112,54,223,8.24161199999999,2.567000000000018
30,120,51,227,8.611339999999984,2.915400000000009
24,118,59,235,8.449147999999994,2.621399999999994
23,111,51,230,8.311482999999996,2.476800000000015
24,114,55,230,8.329701000000014,2.565599999999998
27,115,56,221,8.346972999999991,2.736600000000003
29,114,60,237,8.685948000000003,2.7873999999999945
21,111,58,239,8.042000999999985,2.1581999999999972
27,120,57,235,8.471948999999974,2.746200000000009
29,117,54,230,8.560018,2.840399999999992
21,117,55,236,8.143382999999972,2.357999999999995
25,116,51,224,8.493713999999983,2.803199999999995
25,110,60,236,8.388392999999972,2.4492000000000083
28,117,56,232,8.538388999999995,2.7968000000000046
22,120,59,221,8.075547999999976,2.4026000000000014
20,112,53,220,7.809949000000003,2.130000000000008
24,113,53,233,8.375068999999996,2.5869999999999838
25,119,50,233,8.640425000000008,2.8661999999999956
24,115,50,233,8.609019999999987,2.7809999999999953
25,117,54,234,8.455737999999982,2.7203999999999855
30,116,51,226,8.663388999999988,2.9331999999999923
22,120,50,230,8.379171999999983,2.598799999999999
25,114,57,225,8.333185000000014,2.6057999999999897
23,114,60,232,8.412617000000019,2.4900000000000073
29,119,60,233,8.667053000000003,2.817399999999987
22,116,57,239,8.241179999999993,2.449800000000014
24,116,58,228,8.369939999999971,2.5868000000000073
23,116,53,234,8.362349999999978,2.592800000000002
21,114,57,220,7.933637999999988,2.261999999999995
27,113,51,235,8.638641999999997,2.8330000000000055
27,116,53,220,8.385401999999985,2.821600000000002
27,113,56,235,8.473796999999998,2.6889999999999983
26,115,53,223,8.40453699999999,2.7593999999999994
26,114,59,221,8.37355200000001,2.6693999999999907
25,112,53,224,8.29328199999999,2.5952000000000073
28,119,50,229,8.72218800000001,2.975399999999981
30,120,60,239,8.646742999999987,2.824200000000012
27,117,54,224,8.43383,2.797200000000002
30,113,60,224,8.552384999999994,2.7207999999999988
25,117,52,233,8.532380999999987,2.7817999999999916
24,111,56,237,8.246615999999989,2.437000000000003
29,116,54,230,8.562028999999995,2.831200000000006
22,110,56,240,8.032359999999997,2.21440000000001
22,113,51,221,8.172584999999998,2.4822000000000006
30,114,57,226,8.485593000000001,2.73599999999999
22,117,52,231,8.31100399999999,2.5350000000000055
24,110,58,240,8.221319999999984,2.381600000000006
29,119,54,233,8.54848100000001,2.838999999999997
28,114,52,230,8.601072000000016,2.837600000000009
22,110,52,230,8.112003999999999,2.275200000000005
21,110,50,238,8.191904999999991,2.289999999999992
22,120,51,231,8.30966799999998,2.5506000000000224
23,111,54,227,8.132784999999998,2.3646000000000136
24,120,56,225,8.220770999999985,2.5738000000000056
28,117,59,220,8.438882,2.7919999999999963
24,118,54,223,8.258234999999999,2.638200000000001
24,114,56,239,8.353207000000005,2.5854000000000017
28,119,58,220,8.36329700000001,2.7755999999999847
30,120,55,224,8.401832999999982,2.785200000000021
29,112,59,231,8.542540999999986,2.668600000000003
26,112,50,232,8.628952000000012,2.7876000000000047
24,119,55,223,8.218852999999996,2.607399999999993
24,111,58,229,8.24551599999998,2.4041999999999994
25,113,58,238,8.427265999999996,2.6027999999999967
27,112,55,237,8.441260999999997,2.666200000000016
30,118,55,227,8.502024000000006,2.8134000000000103
28,116,52,222,8.505323999999995,2.880400000000014
21,120,60,220,8.019452999999963,2.3111999999999977
20,112,58,225,7.896439000000008,2.0530000000000133
28,111,55,222,8.270462000000002,2.6100000000000065
24,114,54,225,8.28277900000002,2.582200000000002
22,120,54,238,8.18605199999999,2.4692000000000096
24,111,53,234,8.295845999999983,2.489200000000002
27,117,52,224,8.514833999999993,2.8620000000000037
24,117,53,225,8.338916999999995,2.6661999999999946
28,116,52,231,8.634914999999985,2.8858000000000192
30,117,55,236,8.578829999999982,2.836799999999995
20,113,60,231,8.106639999999999,2.1277999999999953
30,119,51,231,8.685808999999999,2.9401999999999955
28,117,51,236,8.717809999999986,2.955199999999998
23,116,52,236,8.414804999999973,2.636800000000026
21,117,57,238,8.151458999999974,2.345999999999984
21,116,60,225,8.186575999999995,2.324599999999995
30,118,56,235,8.562755000000003,2.81820000000001
24,119,57,221,8.186541000000005,2.588199999999988
22,118,58,221,8.085878999999998,2.4229999999999965
24,119,54,221,8.195052000000004,2.631399999999994
24,118,53,238,8.421149,2.699999999999987
26,120,53,233,8.468291999999991,2.7714000000000087
22,119,54,223,8.087320000000005,2.454600000000003
30,113,58,222,8.413761000000008,2.7007999999999956
22,118,57,240,8.223181000000011,2.464800000000004
23,112,55,227,8.161541,2.3982000000000046
26,110,53,238,8.349857,2.562400000000002
27,111,55,233,8.385762,2.5950000000000095
30,113,59,237,8.607577,2.7349999999999994
28,115,58,224,8.474216999999989,2.7523999999999926
22,116,54,229,8.213250999999993,2.4570000000000114
27,111,57,228,8.351838999999977,2.5624000000000073
29,110,59,221,8.288328999999983,2.5449999999999964
20,118,54,227,7.98342700000002,2.23500000000001
24,119,53,232,8.386409999999998,2.666799999999986
22,118,60,224,8.24607200000002,2.4415999999999958
26,118,52,224,8.465240000000009,2.8223999999999894
24,116,57,231,8.372935999999989,2.5922000000000036
24,118,57,239,8.376859999999986,2.633399999999998
21,120,57,230,8.05786999999998,2.2895999999999965
23,111,50,221,8.247152999999983,2.5254000000000048
21,119,55,224,7.997598999999994,2.3247999999999927
21,114,57,236,8.129605999999981,2.2811999999999983
28,118,54,235,8.56046700000001,2.8429999999999964
27,117,60,237,8.665021000000003,2.804199999999991
24,113,55,226,8.253517999999993,2.523999999999992
28,118,60,222,8.529136000000022,2.803199999999981
30,110,51,223,8.419239999999988,2.685400000000005
29,118,52,228,8.607648999999988,2.902000000000008
24,113,52,224,8.319324999999992,2.6104000000000003
20,119,60,224,8.033021000000012,2.2035999999999962
27,111,53,227,8.380353999999997,2.6333999999999946
25,114,53,221,8.296993,2.6809999999999814
29,118,52,237,8.659803999999994,2.9290000000000056
23,112,58,240,8.254920999999989,2.420800000000007
25,114,56,229,8.375684,2.616199999999994
28,115,53,231,8.579156999999988,2.8313999999999826
30,113,56,224,8.413072999999997,2.7064000000000057
26,115,55,238,8.483609999999999,2.7419999999999973
26,110,51,226,8.382849,2.608000000000004
24,116,55,227,8.32028799999999,2.6074000000000073
24,115,51,234,8.535213999999982,2.7339999999999893
26,115,55,231,8.463120999999994,2.715399999999999
30,115,53,239,8.619864999999983,2.874600000000001
26,118,52,237,8.577859000000004,2.8509999999999884
24,118,57,231,8.359180000000002,2.6013999999999964
30,113,50,226,8.689184999999988,2.900799999999995
27,115,59,226,8.522362999999999,2.7335999999999956
28,114,55,226,8.453173000000014,2.7464000000000066
27,115,60,220,8.463282,2.752799999999999
29,116,54,228,8.540400999999981,2.8280000000000136
24,110,57,226,8.122932999999996,2.3367999999999967
23,117,56,237,8.311108999999988,2.549800000000003
24,112,60,230,8.402059999999999,2.4827999999999975
25,118,51,221,8.419552999999993,2.8153999999999986
27,120,60,235,8.59903199999998,2.7678000000000047
28,114,57,240,8.533657000000005,2.769600000000011
23,115,60,239,8.44052499999998,2.54699999999999
22,115,60,233,8.355883999999996,2.426599999999995
22,113,56,226,8.101244999999999,2.3351999999999915
22,119,58,235,8.235872000000015,2.4305999999999983
25,114,55,231,8.397281,2.6345999999999954
24,117,51,236,8.54534599999998,2.769600000000004
29,110,52,235,8.479659999999988,2.6626000000000083
23,114,51,236,8.452725999999998,2.6340000000000074
23,113,54,224,8.168869999999998,2.465199999999994
27,117,60,238,8.663646000000007,2.809199999999988
21,115,56,223,8.003572999999975,2.292599999999995
27,110,54,224,8.243493,2.5396000000000125
25,118,56,233,8.418892,2.681000000000008
25,120,54,234,8.39130099999997,2.6928000000000143
29,111,57,239,8.443905999999991,2.638200000000001
25,116,51,231,8.584468999999977,2.810199999999993
27,110,56,230,8.304845,2.5084000000000035
23,116,54,224,8.221240999999992,2.5480000000000214
22,120,56,229,8.12606299999998,2.4026000000000085
21,116,59,228,8.172345999999976,2.312000000000001
28,111,54,237,8.439819999999997,2.658600000000014
28,115,54,238,8.566676999999999,2.829199999999995
28,114,51,228,8.642545000000005,2.8776000000000046
27,112,57,240,8.442225999999991,2.660800000000016
28,114,58,239,8.565195000000003,2.763800000000007
23,112,60,240,8.354708999999993,2.442400000000003
25,120,60,223,8.383031999999979,2.6558000000000064
30,116,59,238,8.658572999999983,2.8227999999999955
24,115,54,237,8.39558799999999,2.638600000000004
27,110,56,224,8.222752999999997,2.5036000000000094
25,112,55,227,8.289908999999994,2.5454000000000168
22,118,58,234,8.254424000000007,2.4359999999999946
21,117,58,227,8.11500899999998,2.3129999999999846
24,110,50,221,8.260210999999984,2.541399999999996
30,113,59,227,8.542457000000006,2.706999999999997
28,112,50,240,8.700324000000009,2.8884000000000025
30,113,59,226,8.528058000000001,2.706399999999995
22,113,54,235,8.199952000000003,2.3910000000000053
22,114,50,220,8.254940000000019,2.5711999999999975
29,113,57,230,8.501146999999989,2.705199999999987
24,118,58,237,8.408339000000005,2.6229999999999976
24,113,51,223,8.363724999999988,2.6541999999999852
20,118,56,223,7.896486999999993,2.199000000000007
29,120,51,231,8.648348999999975,2.923
30,111,52,235,8.54229999999999,2.725800000000003
20,111,55,238,7.9070700000000045,2.053199999999997
25,118,53,228,8.429285999999983,2.7348
24,116,57,230,8.364272999999983,2.59
23,119,56,231,8.256020999999997,2.5189999999999877
27,112,51,238,8.601894000000001,2.8008000000000184
24,110,57,232,8.187816999999995,2.3464000000000045
23,111,55,237,8.180001999999988,2.3710000000000147
22,111,60,232,8.221856999999993,2.258000000000001
22,119,57,233,8.201289000000003,2.423399999999992
28,110,55,240,8.357096999999996,2.5888000000000044
23,111,50,233,8.411336999999989,2.5350000000000072
23,117,53,228,8.31266299999998,2.587599999999995
24,113,57,235,8.340876999999999,2.522199999999991
26,113,50,230,8.649985000000015,2.8287999999999816
24,113,50,220,8.377184999999997,2.7087999999999894
23,117,51,237,8.475953999999987,2.693799999999996
28,115,52,228,8.596900999999981,2.862000000000002
25,111,55,238,8.306994999999986,2.5231999999999957
29,110,53,233,8.424336999999994,2.6194000000000006
21,114,52,228,8.167024999999988,2.366800000000005
27,112,60,220,8.381709000000008,2.6424000000000074
23,116,56,236,8.313060999999976,2.536000000000021
21,120,52,225,8.082559999999972,2.3925999999999927
29,117,57,230,8.551507,2.797199999999986
25,115,57,227,8.380873999999977,2.6342000000000034
23,117,57,238,8.321962999999997,2.5475999999999974
30,119,51,222,8.556218000000008,2.9347999999999903
23,110,59,228,8.150501999999975,2.2651999999999965
20,116,58,239,8.076902999999987,2.221
29,110,51,224,8.431693999999993,2.685999999999998
30,114,59,239,8.630584000000013,2.7821999999999925
30,118,50,223,8.67599899999999,2.993400000000003
27,116,58,223,8.435923999999979,2.745400000000007
25,118,55,221,8.257544999999993,2.6858000000000075
22,119,52,222,8.14818900000001,2.520399999999979
29,111,51,235,8.599153999999992,2.7702000000000098
24,118,56,234,8.364335999999994,2.617599999999996
20,117,52,239,8.13711199999998,2.3381999999999934
21,112,54,224,7.9614409999999936,2.21760000000001
20,111,52,229,7.966727999999982,2.1089999999999947
22,117,51,239,8.391784999999992,2.6101999999999954
30,114,60,227,8.627075000000012,2.758199999999988
27,114,58,228,8.489908999999997,2.7004000000000055
21,116,56,231,8.120751999999975,2.317400000000003
25,118,51,233,8.583737,2.825000000000001
30,118,59,222,8.494737,2.799999999999999
28,111,54,223,8.308499999999995,2.630600000000012
24,118,55,237,8.371651999999997,2.6446000000000023
20,113,60,237,8.128504,2.1493999999999964
26,112,51,237,8.565420000000003,2.756200000000014
21,115,53,240,8.180174999999977,2.4016000000000055
25,120,54,228,8.343624999999967,2.678400000000021
21,120,57,221,7.91537299999996,2.287799999999999
29,120,53,229,8.518452999999973,2.8397999999999968
26,116,57,223,8.370779999999996,2.7058
23,111,56,236,8.17710599999998,2.3520000000000163
27,120,51,220,8.430089999999979,2.88240000000002
21,115,51,240,8.291310999999979,2.480800000000009
30,115,55,236,8.57311799999998,2.8092000000000166
30,111,52,234,8.539372999999983,2.7219999999999995
24,115,56,235,8.37329599999999,2.5938
23,113,53,222,8.163002999999996,2.495599999999973
22,116,58,230,8.242132000000005,2.4156000000000013
26,114,56,236,8.464632000000009,2.690400000000002
21,116,53,228,8.144169999999967,2.376799999999996
25,120,55,228,8.325721999999963,2.65680000000002
30,116,51,227,8.677787999999993,2.9337999999999944
27,115,60,230,8.628781999999994,2.7527999999999935
25,110,52,232,8.336248999999981,2.5212000000000057
23,111,59,234,8.254570999999977,2.344000000000003
20,111,59,237,7.987493000000008,2.0337999999999923
30,118,54,239,8.580863,2.8734000000000144
22,118,51,229,8.343600000000002,2.5742000000000083
27,112,57,234,8.446173999999985,2.632000000000007
22,112,55,236,8.146616999999992,2.3276000000000163
23,119,59,236,8.359710999999997,2.535999999999987
21,111,57,229,7.978265999999984,2.122199999999996
28,110,53,239,8.41221199999999,2.6333999999999946
28,114,57,223,8.410764,2.725400000000004
25,113,56,230,8.358589999999992,2.5811999999999973
21,113,55,224,7.980462999999986,2.2419999999999938
24,118,54,236,8.389495999999994,2.661600000000007
24,114,55,234,8.355749000000003,2.5767999999999986
22,117,60,230,8.339909000000013,2.446399999999983
28,118,54,238,8.56064400000001,2.8567999999999945
29,117,58,239,8.605144999999993,2.8313999999999915
27,118,51,238,8.677434000000005,2.9388000000000094
21,113,58,239,8.125584999999973,2.2593999999999888
24,115,60,227,8.449040000000004,2.5889999999999915
27,117,60,233,8.65618100000001,2.788199999999991
27,118,53,227,8.502553000000006,2.826600000000006
26,110,53,239,8.347047999999994,2.5677999999999983
27,114,59,225,8.489073000000012,2.705799999999998
22,114,57,232,8.205549000000005,2.374400000000003
29,119,58,223,8.444785000000003,2.7837999999999887
24,118,54,225,8.29420300000001,2.6374000000000013
26,111,50,223,8.465607999999989,2.7233999999999927
24,111,60,222,8.234473000000008,2.4243999999999897
30,113,57,222,8.386466000000006,2.7007999999999956
27,115,60,228,8.60715399999998,2.749600000000001
26,118,52,226,8.498340000000006,2.822399999999984
26,117,60,235,8.625620000000012,2.755799999999983
21,114,60,232,8.242112999999996,2.288399999999994
30,113,54,229,8.505807999999995,2.745400000000007
21,119,55,221,7.937193999999991,2.327799999999989
20,112,52,230,8.023483999999996,2.166000000000018
26,114,52,239,8.56225100000001,2.806200000000004
25,119,57,220,8.222454999999982,2.6567999999999987
21,119,59,223,8.057945999999994,2.310999999999982
24,114,50,231,8.578539,2.7477999999999945
27,113,58,238,8.513497999999991,2.6955999999999936
24,111,51,220,8.215433999999988,2.5571999999999964
22,117,57,236,8.243293999999977,2.4439999999999955
27,110,52,230,8.406588999999997,2.6092000000000084
25,116,56,231,8.419623999999978,2.6662
26,118,60,229,8.574803000000017,2.73899999999999
20,119,54,232,8.012433000000016,2.234800000000009
22,112,55,238,8.145301000000003,2.33720000000001
24,119,52,239,8.444895999999993,2.732199999999999
26,112,58,236,8.440039999999989,2.6004000000000076
29,110,56,239,8.375283999999986,2.581000000000005
29,110,54,224,8.287588999999997,2.5780000000000083
23,111,60,237,8.316476999999999,2.3710000000000058
22,117,52,226,8.253348999999993,2.527999999999995
22,110,56,226,7.961267999999997,2.169600000000001
22,114,57,227,8.15506400000001,2.3654000000000046
30,115,59,224,8.539606,2.7708000000000066
30,114,50,237,8.795895000000016,2.9661999999999917
27,115,52,223,8.490420999999984,2.8349999999999937
27,116,59,223,8.478284999999978,2.7526000000000046
23,116,57,235,8.323796999999978,2.5246000000000137
20,116,52,237,8.143306999999993,2.318600000000007
21,110,59,231,8.010288999999972,2.0689999999999937
20,116,53,237,8.095271999999994,2.2825999999999915
29,112,57,236,8.494689999999977,2.6784000000000106
20,119,52,228,8.055916999999987,2.2916000000000096
25,119,50,240,8.640837999999988,2.8984000000000005
28,115,60,232,8.671989000000004,2.783599999999991
26,112,51,221,8.392396000000005,2.7306000000000115
20,110,52,227,7.885839000000004,2.0422000000000082
24,120,56,240,8.307695999999979,2.6188000000000127
23,115,53,235,8.357553999999986,2.5781999999999847
25,110,51,226,8.334465999999985,2.5548000000000144
25,119,56,231,8.384388999999992,2.6662
26,116,53,229,8.50295599999999,2.7801999999999936
29,117,50,237,8.812816999999995,3.022599999999988
30,118,52,222,8.514596000000004,2.900800000000009
29,118,59,238,8.638569999999994,2.8331999999999926
27,113,58,220,8.318845999999986,2.6667999999999967
30,112,55,223,8.360283999999993,2.6754000000000193
26,119,59,220,8.340494,2.717199999999986
21,114,56,235,8.115884000000001,2.2841999999999967
20,113,58,234,8.024237000000007,2.115199999999996
22,112,57,227,8.090947999999997,2.282600000000013
23,110,57,224,8.020381999999984,2.2563999999999975
29,117,54,238,8.589169999999996,2.869199999999994
25,120,53,230,8.398221999999976,2.7104
22,112,51,233,8.299844000000007,2.445800000000018
29,118,58,221,8.424559999999992,2.7953999999999954
22,112,51,235,8.307132000000003,2.4530000000000243
30,116,58,231,8.595722999999978,2.7889999999999997
24,118,52,223,8.339238999999992,2.703000000000003
29,118,51,223,8.591584999999995,2.9441999999999915
21,111,50,227,8.184552999999994,2.3213999999999917
25,115,53,225,8.392121999999986,2.7053999999999956
27,111,53,232,8.430838999999992,2.6424000000000003
25,110,56,232,8.234504999999984,2.420400000000015
27,110,58,225,8.279543999999994,2.4962000000000035
24,113,58,228,8.317568999999992,2.5039999999999942
26,117,55,239,8.486512999999995,2.7749999999999932
28,117,56,236,8.552964999999986,2.811200000000005
26,120,51,239,8.584083999999983,2.877000000000013
26,112,51,229,8.524796000000002,2.7306000000000132
20,110,50,227,8.027107,2.135800000000005
24,113,58,236,8.369664999999976,2.5263999999999953
28,118,53,226,8.515469000000003,2.851999999999979
22,120,53,223,8.089075999999977,2.4650000000000176
30,112,53,228,8.490320999999987,2.7268000000000114
20,110,54,238,7.868580000000009,2.010400000000013
21,116,60,235,8.28037599999999,2.3445999999999962
29,110,58,227,8.353871999999988,2.535399999999999
28,115,57,222,8.408086000000004,2.7539999999999853
23,114,54,231,8.286816000000009,2.5090000000000128
25,112,54,230,8.342405,2.5712000000000153
24,120,56,221,8.143098999999978,2.5770000000000053
24,116,51,226,8.467896999999986,2.7364000000000104
30,112,59,230,8.54012500000001,2.6652000000000093
21,114,59,236,8.199261999999983,2.2883999999999958
27,111,50,225,8.539425000000008,2.7622
24,110,59,236,8.272048999999988,2.368000000000002
28,114,56,223,8.39853500000001,2.732600000000007
22,120,58,229,8.165586999999988,2.3954000000000057
22,117,59,238,8.31163399999999,2.4607999999999866
24,120,50,224,8.446515999999988,2.7684000000000033
24,110,58,224,8.117127999999987,2.336800000000002
24,119,59,223,8.297900999999989,2.5929999999999858
21,110,56,221,7.777243999999982,2.0649999999999977
23,114,51,223,8.321465000000003,2.6106000000000016
27,115,52,228,8.56958599999998,2.8359999999999985
20,116,53,239,8.091087999999978,2.292999999999992
28,112,53,222,8.367993000000006,2.715599999999986
22,114,52,224,8.197080000000014,2.4728000000000083
25,116,60,237,8.580799999999975,2.702199999999994
26,114,50,234,8.703224000000006,2.8767999999999887
23,110,58,224,8.047676999999986,2.2563999999999975
23,117,52,231,8.390988999999983,2.6290000000000067
21,114,50,223,8.229127999999989,2.45939999999999
23,116,60,230,8.421904999999988,2.5312000000000054
30,110,52,232,8.472823999999989,2.6512000000000224
26,113,56,224,8.324881000000005,2.629599999999993
29,111,56,235,8.434308999999992,2.6262000000000025
22,112,51,238,8.307309000000004,2.466800000000015
24,120,56,234,8.311643999999973,2.5900000000000034
25,116,57,231,8.431852999999968,2.658999999999997
24,112,56,228,8.241119999999988,2.465200000000012
24,114,57,220,8.173593000000011,2.5439999999999987
29,113,53,221,8.40012999999999,2.7753999999999817
21,112,55,235,8.054604999999988,2.215800000000007
26,119,54,231,8.45351200000001,2.7553999999999927
29,110,56,228,8.327312999999982,2.5436000000000067
28,113,58,236,8.542128999999981,2.711999999999989
26,120,50,225,8.571082999999987,2.8881999999999977
23,111,59,229,8.21842599999998,2.3310000000000066
21,115,56,224,8.022273999999982,2.291999999999998
29,113,54,222,8.388730000000002,2.7451999999999916
30,112,58,222,8.376835999999997,2.6548000000000105
21,110,58,232,7.9751569999999745,2.064400000000001
28,115,59,231,8.607332999999997,2.766599999999988
30,118,57,221,8.403511999999992,2.7942000000000053
24,119,57,239,8.355380999999987,2.624199999999991
27,113,52,229,8.53646899999999,2.772999999999989
28,117,57,233,8.556413000000006,2.7925999999999984
24,116,54,221,8.23028699999999,2.631400000000008
27,119,55,225,8.39997000000001,2.7661999999999978
21,117,60,220,8.083889999999975,2.338799999999983
28,120,58,225,8.432758999999983,2.7521999999999966
21,117,53,237,8.194313999999977,2.412999999999979
26,115,54,231,8.481023999999998,2.737
21,118,51,224,8.181085999999993,2.463600000000005
25,110,54,238,8.26850499999999,2.480400000000012
21,120,56,222,7.924712999999976,2.293599999999998
26,115,59,234,8.559553999999999,2.7099999999999884
23,120,53,238,8.299005999999977,2.59199999999999
23,114,54,233,8.299840000000017,2.514600000000014
28,115,57,233,8.550701000000004,2.7649999999999917
23,118,54,234,8.315624999999997,2.5731999999999946
21,117,58,224,8.067509999999992,2.312399999999988
22,112,50,231,8.364987000000006,2.4906000000000112
26,120,58,239,8.45876299999999,2.725800000000003
25,119,51,222,8.419643,2.8047999999999877
28,120,58,234,8.52363199999997,2.7683999999999944
22,115,51,237,8.390256999999991,2.5722000000000094
28,112,57,236,8.477908999999997,2.666000000000004
25,112,54,222,8.221477,2.568000000000014
22,110,52,225,8.047179,2.270200000000008
22,120,58,221,8.033186999999977,2.395400000000004
30,115,52,229,8.631459999999983,2.874600000000015
20,114,58,240,8.047480000000014,2.180799999999998
20,117,52,240,8.132868999999985,2.3439999999999976
28,119,52,232,8.606909000000002,2.8883999999999954
30,118,51,232,8.714517,2.952000000000007
27,116,59,238,8.608229999999999,2.785600000000004
29,113,51,238,8.682914999999994,2.885199999999985
29,110,60,234,8.514300999999996,2.572399999999993
28,119,58,223,8.428003999999994,2.771399999999982
21,112,59,224,8.022585999999997,2.1816000000000013
21,110,60,222,7.938124999999985,2.077999999999987
28,117,52,231,8.63290399999999,2.895000000000005
21,114,52,238,8.217804999999998,2.3987999999999996
27,119,50,240,8.727070000000012,2.9911999999999974
24,113,52,227,8.366823999999994,2.610999999999997
28,117,56,239,8.548839999999991,2.826200000000002
27,119,56,228,8.440329999999996,2.7536000000000005
24,118,55,240,8.363225,2.660800000000007
28,119,56,237,8.519800000000004,2.806599999999987
28,118,60,233,8.671751000000022,2.814199999999987
22,117,60,225,8.275084000000014,2.4413999999999856
28,110,50,240,8.597272000000004,2.768799999999997
24,113,55,220,8.13700999999999,2.528799999999997
28,119,59,238,8.600310000000015,2.811599999999979
29,115,57,220,8.380294999999975,2.7695999999999987
29,117,54,227,8.525424999999998,2.8361999999999945
25,110,53,223,8.171528999999978,2.4762000000000057
28,118,59,223,8.491843999999993,2.7877999999999865
30,117,60,230,8.684837000000009,2.8175999999999775
29,116,58,228,8.559184999999985,2.7848000000000077
22,117,59,222,8.161553999999995,2.428799999999983
25,119,55,238,8.407714999999996,2.7072000000000003
26,118,50,237,8.719127000000015,2.9445999999999923
25,111,51,226,8.390858999999985,2.619199999999985
23,112,55,221,8.053636999999995,2.4006000000000043
25,117,60,225,8.483437000000002,2.6825999999999777
22,120,51,229,8.29090799999998,2.5466000000000157
30,115,57,235,8.581016999999996,2.7834000000000074
21,119,50,232,8.335757999999998,2.5143999999999878
28,111,53,220,8.27676199999999,2.6636000000000006
30,111,51,232,8.592317999999992,2.7587999999999955
27,114,60,231,8.61998800000002,2.7273999999999976
29,118,56,221,8.385036,2.802599999999998
20,118,60,235,8.16556700000001,2.2326000000000015
20,116,60,240,8.172447999999996,2.2484
25,119,53,221,8.286937999999992,2.726999999999988
21,116,52,224,8.131740999999977,2.41120000000001
28,113,60,229,8.601352000000006,2.7125999999999806
20,111,58,227,7.880012000000015,1.9985999999999926
21,119,54,228,8.075965999999987,2.3479999999999954
27,112,56,234,8.433944999999994,2.6392000000000095
20,114,59,225,8.00291600000002,2.1429999999999882
29,111,51,227,8.535585999999995,2.7510000000000083
24,115,50,232,8.60322499999998,2.7779999999999987
21,114,50,233,8.351608000000013,2.471399999999992
20,115,52,225,8.040231999999989,2.2714000000000123
21,115,51,237,8.299737999999977,2.4646000000000043
25,120,54,226,8.316260999999976,2.6768000000000143
21,116,54,229,8.122731999999978,2.3494000000000064
23,120,58,230,8.255668999999976,2.4911999999999956
24,118,60,240,8.499699999999997,2.6607999999999983
26,111,53,232,8.392989999999998,2.602799999999993
24,114,58,233,8.388075000000022,2.5517999999999983
24,115,51,228,8.48753799999998,2.7195999999999962
28,118,50,227,8.719171000000003,2.9821999999999864
26,114,57,232,8.462285000000008,2.668799999999999
22,111,60,224,8.12387300000001,2.2483999999999984
29,117,60,226,8.629597999999987,2.8139999999999823
23,118,60,238,8.437301000000012,2.569199999999986
21,111,51,226,8.091986999999982,2.270400000000002
27,116,52,237,8.629463999999984,2.881400000000017
23,118,53,240,8.344645999999997,2.63079999999999
22,110,54,236,8.06146799999999,2.229600000000012
22,117,57,225,8.148001000000008,2.4197999999999897
28,116,59,228,8.584764999999976,2.7796000000000127
21,120,60,224,8.102860999999983,2.3063999999999982
27,115,50,228,8.71085399999999,2.9296000000000024
28,112,50,221,8.535726999999994,2.846599999999995
30,117,55,225,8.483536999999998,2.812599999999989
28,113,58,232,8.52755299999999,2.697599999999989
22,118,50,233,8.453551000000019,2.6341999999999963
29,110,60,240,8.510353000000002,2.601200000000002
27,111,51,226,8.477090999999994,2.711999999999996
25,118,52,230,8.498948999999996,2.774000000000008
21,112,53,228,8.054873999999977,2.2479999999999976
30,118,59,233,8.637352,2.8110000000000053
26,118,57,237,8.488343999999998,2.742999999999995
24,115,57,232,8.372441999999992,2.5764000000000014
30,115,58,231,8.58799999999998,2.770600000000007
20,113,57,232,7.986785999999995,2.108800000000004
28,119,60,235,8.657560000000004,2.8121999999999794
28,113,56,223,8.371343999999993,2.695799999999986
29,120,52,220,8.411084999999972,2.8776000000000135
25,111,57,236,8.317702999999966,2.4919999999999973
23,118,58,233,8.330048000000012,2.526599999999993
28,113,60,226,8.562456999999995,2.709599999999977
22,112,56,224,8.031220000000005,2.2892000000000117
20,111,52,230,7.976824999999991,2.1107999999999976
25,115,56,235,8.432212999999983,2.6606000000000076
29,110,57,237,8.39169699999998,2.5634000000000015
29,112,51,235,8.645812999999997,2.825400000000002
30,112,54,239,8.505322999999997,2.7354000000000234
23,120,50,236,8.489624999999961,2.7120000000000015
29,118,54,237,8.578800000000001,2.864200000000004
25,116,59,229,8.482748999999984,2.662199999999995
23,111,54,221,8.024880999999993,2.3670000000000133
26,110,60,232,8.422199999999997,2.4879999999999978
24,115,58,225,8.319019999999988,2.5665999999999958
21,112,54,237,8.074059999999989,2.246200000000009
29,118,50,225,8.70572,2.993799999999993
22,120,60,226,8.226479999999981,2.413999999999998
24,115,51,238,8.53831799999999,2.751599999999991
22,115,58,232,8.250300999999986,2.402000000000003
25,114,56,226,8.336789000000003,2.61319999999999
22,119,57,232,8.195493999999997,2.4203999999999954
25,116,54,238,8.460852999999986,2.7288000000000014
30,115,60,235,8.708100000000002,2.8050000000000033
27,115,50,233,8.75416899999999,2.9406
24,117,56,239,8.376375999999986,2.640599999999994
24,118,51,236,8.53360099999999,2.769599999999997
24,110,52,234,8.287487999999982,2.4608000000000043
25,116,53,232,8.480561999999978,2.733599999999994
22,112,53,238,8.196173000000002,2.3876000000000115
29,114,55,240,8.541046000000009,2.8036000000000083
20,117,54,221,7.887268000000006,2.2373999999999885
25,120,51,224,8.427265999999975,2.7848000000000095
29,112,55,229,8.444732999999992,2.679000000000011
22,110,53,230,8.063969,2.239200000000004
20,116,53,230,8.064744999999988,2.2587999999999866
23,113,50,223,8.37244099999998,2.6241999999999823
25,120,58,227,8.34944399999997,2.6342000000000105
30,115,53,228,8.571893999999979,2.837200000000003
24,110,56,226,8.110703999999991,2.3439999999999994
29,117,50,221,8.639792999999997,2.9969999999999857
22,120,60,230,8.275472,2.4187999999999974
29,112,59,221,8.391380999999988,2.664600000000002
28,117,50,223,8.664715999999999,2.9821999999999935
25,118,57,240,8.431534,2.70600000000001
21,111,57,235,8.017337999999988,2.138999999999996
24,111,56,223,8.115295999999987,2.4090000000000007
25,111,50,237,8.54854499999999,2.698199999999991
30,117,51,227,8.675776999999997,2.94299999999998
25,115,57,233,8.437153999999978,2.6462000000000057
25,118,59,227,8.444496999999991,2.6690000000000005
24,110,50,227,8.368114999999989,2.538999999999996
29,111,52,235,8.536052999999988,2.726999999999993
25,110,54,220,8.073852999999986,2.451600000000015
23,111,52,235,8.277356999999988,2.4486000000000097
20,112,55,235,7.953551999999995,2.0946000000000193
24,118,60,234,8.503647999999991,2.631999999999989
28,111,58,228,8.40644899999998,2.5884000000000107
26,119,56,225,8.359284000000017,2.7121999999999886
24,113,52,231,8.410079999999986,2.617399999999998
23,113,58,220,8.104245999999982,2.4267999999999876
29,116,58,222,8.459884999999986,2.784799999999999
20,115,57,221,7.873045000000005,2.1666000000000043
23,115,59,240,8.37885499999998,2.5383999999999958
23,117,59,239,8.388809999999978,2.5601999999999983
23,118,51,237,8.464208999999997,2.693799999999989
21,118,55,224,8.019077999999993,2.3339999999999996
24,115,56,225,8.279495999999995,2.5737999999999985
29,118,52,230,8.629277000000002,2.9052000000000007
23,114,50,225,8.435600000000022,2.6602000000000032
30,112,57,237,8.500995999999986,2.681800000000017
25,115,55,239,8.432417999999977,2.694200000000011
20,111,51,227,8.005333000000007,2.1497999999999955
22,111,59,230,8.14853800000001,2.238799999999994
22,112,56,234,8.139359999999996,2.3052000000000064
28,117,55,225,8.460509000000002,2.801400000000001
24,115,56,240,8.366420999999988,2.6188000000000056
30,119,54,223,8.432248000000001,2.8258000000000045
30,116,52,235,8.678254999999986,2.9098000000000077
21,117,53,220,7.998286999999976,2.3891999999999793
25,119,56,238,8.404877999999997,2.6927999999999983
25,113,54,240,8.40142999999999,2.65720000000001
24,114,53,227,8.345980000000012,2.6118000000000023
29,117,56,234,8.565325999999985,2.8155999999999892
27,115,50,239,8.758824999999995,2.9670000000000005
23,118,52,238,8.399732999999998,2.655599999999998
28,118,53,224,8.482369000000006,2.8519999999999843
26,120,60,228,8.51057999999999,2.710000000000001
23,110,53,229,8.133856999999985,2.331399999999995
20,114,59,238,8.09689300000003,2.1767999999999876
25,111,53,230,8.328714999999988,2.544799999999995
23,110,57,220,7.936973999999992,2.261199999999997
24,114,50,220,8.404376,2.745599999999996
27,111,60,229,8.490452999999988,2.5854
27,114,53,231,8.534385000000007,2.777799999999994
21,111,58,225,7.950832999999996,2.1189999999999944
25,119,52,225,8.412644999999998,2.759800000000004
25,114,55,236,8.419085999999993,2.6516
26,117,52,229,8.548979999999993,2.825399999999995
30,110,55,225,8.293199999999999,2.555000000000014
22,114,51,234,8.368321000000009,2.531999999999991
24,113,56,223,8.198879999999988,2.510199999999992
24,111,51,223,8.280140999999986,2.553000000000001
24,116,54,230,8.372783999999996,2.6332000000000058
21,120,60,221,8.042455999999966,2.309399999999995
27,111,57,227,8.338874000000004,2.5614000000000026
26,110,54,237,8.318263000000002,2.5286000000000044
21,119,54,227,8.063001,2.3469999999999906
26,118,58,239,8.511455000000012,2.7533999999999956
26,111,55,229,8.316128999999997,2.5458000000000016
24,117,59,240,8.454017999999984,2.6463999999999928
30,119,53,223,8.465216999999996,2.8545999999999907
26,115,57,237,8.494376999999986,2.7153999999999954
28,119,51,228,8.632489999999997,2.9235999999999827
26,114,59,240,8.538149000000026,2.711199999999998
23,119,50,238,8.519521999999995,2.7399999999999807
28,112,53,224,8.406829000000002,2.7139999999999933
26,116,52,220,8.39558799999999,2.8180000000000103
30,114,60,221,8.519171000000007,2.7605999999999877
28,114,52,238,8.630224000000013,2.866400000000011
30,119,56,220,8.346801,2.794000000000004
28,120,60,229,8.587274999999977,2.776999999999994
23,119,59,226,8.280251000000007,2.511999999999979
22,111,60,229,8.195868000000004,2.2513999999999967
30,114,50,235,8.794343000000005,2.957399999999991
29,120,58,221,8.37186799999997,2.767800000000003
30,116,56,226,8.498543999999988,2.7891999999999992
24,120,59,232,8.383372999999985,2.583600000000006
26,110,59,235,8.377856000000008,2.483799999999995
25,120,52,239,8.472599999999964,2.780600000000021
29,112,50,230,8.695004999999995,2.8607999999999993
25,111,59,229,8.346793999999989,2.4781999999999904
20,120,60,221,7.941403000000001,2.1882000000000073
26,119,55,227,8.392353000000014,2.7273999999999905
29,118,57,238,8.568913999999992,2.825999999999995
28,110,52,238,8.463055999999995,2.6639999999999997
25,113,56,237,8.389116999999985,2.605000000000002
29,110,54,238,8.398832999999996,2.6116000000000046
20,110,59,233,7.922260000000016,1.9534000000000074
26,113,54,238,8.456865000000008,2.6991999999999923
29,120,56,226,8.425848999999978,2.772000000000004
27,119,52,223,8.462908999999996,2.8533999999999864
23,114,57,223,8.168848999999994,2.459400000000006
25,111,58,229,8.304432999999989,2.470999999999993
30,114,52,237,8.654627000000005,2.872600000000002
26,117,51,234,8.648225999999994,2.8815999999999793
28,120,56,236,8.488527999999974,2.783600000000005
20,116,53,233,8.086432000000002,2.2665999999999915
23,119,56,220,8.081857999999997,2.5167999999999893
29,112,53,236,8.536169999999984,2.7504000000000026
20,111,56,223,7.774287999999984,2.0057999999999954
27,114,55,222,8.353922000000018,2.7220000000000013
20,116,51,237,8.206407999999996,2.3617999999999952
20,113,58,220,7.832688999999995,2.104000000000001
26,116,52,228,8.539459999999984,2.8148000000000124
28,110,51,237,8.527531999999994,2.7021999999999906
20,120,60,222,7.962972000000008,2.1868000000000034
27,112,51,236,8.60320999999999,2.7912000000000248
28,110,54,225,8.288075000000006,2.5653999999999986
27,111,50,223,8.503456999999997,2.763
29,120,59,233,8.578412999999976,2.784600000000003
20,113,51,220,7.958009999999987,2.2551999999999968
29,112,52,239,8.580079999999988,2.801400000000015
25,112,60,226,8.411984999999987,2.5448000000000057
28,114,52,224,8.518980000000013,2.832800000000015
26,115,58,223,8.390352,2.687399999999993
24,114,56,220,8.161364000000006,2.5512000000000015
23,111,53,228,8.17871899999998,2.3944000000000045
21,120,53,227,8.064756999999972,2.3574000000000055
29,118,50,223,8.669751999999988,2.994599999999993
29,112,57,231,8.472884999999984,2.6614000000000058
28,114,55,240,8.524265000000014,2.791200000000016
25,117,51,235,8.602769999999985,2.832199999999979
26,111,56,228,8.301760999999992,2.530000000000003
27,113,60,234,8.610182000000002,2.699599999999988
20,112,54,233,7.9641670000000175,2.1090000000000213
25,112,52,224,8.34131699999999,2.631200000000023
21,116,59,224,8.111881999999987,2.3103999999999996
25,118,57,221,8.266936999999984,2.664200000000003
26,116,56,234,8.48539199999999,2.7284000000000006
28,113,52,232,8.589772999999994,2.8055999999999965
27,116,58,220,8.371216999999994,2.74960000000001
30,112,56,223,8.357446999999993,2.6610000000000174
26,110,52,222,8.247812000000003,2.5664
29,110,57,228,8.339541999999987,2.536400000000004
26,117,59,235,8.568193000000008,2.7413999999999845
24,112,60,234,8.428107999999987,2.493999999999998
26,114,53,221,8.345376000000016,2.7341999999999853
27,117,51,228,8.638398999999986,2.9067999999999934
20,110,56,221,7.676191000000003,1.9438000000000102
29,114,52,226,8.568861000000005,2.8451999999999877
22,119,53,235,8.250057000000005,2.5026000000000046
25,112,54,232,8.358296999999993,2.5760000000000236
21,113,58,231,8.107904999999988,2.227399999999987
25,118,53,229,8.440816999999988,2.7361999999999966
25,118,53,232,8.466805999999991,2.742800000000001
30,112,60,229,8.587455000000006,2.677800000000012
26,119,59,224,8.42390200000002,2.7123999999999864
30,111,54,226,8.383328999999996,2.6411999999999978
23,113,57,227,8.207857999999987,2.422599999999985
24,116,50,221,8.45255899999998,2.7897999999999996
21,110,53,238,8.002601999999982,2.160400000000001
23,110,60,235,8.258531999999988,2.2977999999999916
23,113,52,233,8.353652999999994,2.542599999999995
24,115,53,224,8.315937999999989,2.638799999999991
30,120,54,220,8.33632799999998,2.8116000000000216
29,111,56,226,8.35634199999999,2.606399999999999
22,112,50,226,8.30733200000001,2.483600000000001
24,112,60,220,8.236560000000004,2.482800000000003
28,119,56,235,8.518248000000007,2.7977999999999863
26,113,52,229,8.498619999999995,2.733399999999982
27,112,55,226,8.361742,2.6376000000000115
30,113,54,236,8.546372999999988,2.7664000000000115
29,118,51,233,8.714065000000005,2.9561999999999937
30,118,60,230,8.673092000000018,2.8175999999999988
21,114,51,235,8.280729000000001,2.4281999999999897
22,117,55,221,8.060936999999996,2.444599999999994
20,116,56,238,8.040188,2.2227999999999994
25,120,51,238,8.538509999999974,2.818400000000006
27,113,58,226,8.43535399999999,2.661999999999992
28,116,59,224,8.524300999999987,2.778000000000011
20,114,58,224,7.943288000000017,2.135999999999994
24,120,57,235,8.32679999999997,2.5866000000000042
30,113,52,223,8.496115999999986,2.8078000000000074
20,112,56,220,7.756240000000005,2.0652000000000186
28,120,57,240,8.492388999999974,2.7972000000000037
29,120,51,223,8.538892999999973,2.916599999999999
26,112,59,223,8.351140000000008,2.584199999999999
20,119,57,233,8.009717000000023,2.1945999999999994
20,110,52,233,7.942119000000005,2.0542000000000105
25,115,54,240,8.446077999999986,2.7216000000000165
28,113,54,224,8.410785000000004,2.7311999999999923
29,120,54,232,8.511472999999981,2.8176000000000148
22,114,57,239,8.216000000000015,2.4038000000000075
29,116,52,240,8.665132999999983,2.9360000000000035
21,111,59,229,8.047921999999986,2.1293999999999933
30,114,59,229,8.594144000000014,2.746199999999991
30,112,56,228,8.43661199999999,2.662000000000022
27,118,59,229,8.555224999999993,2.764199999999999
22,111,59,238,8.177689999999991,2.2675999999999963
25,112,58,221,8.218691999999983,2.5262000000000118
29,111,51,229,8.560081999999987,2.75340000000001
23,113,52,230,8.331965999999994,2.53479999999999
21,113,59,234,8.167650999999971,2.243599999999981
30,119,50,233,8.777000000000015,2.996199999999998
28,117,56,223,8.421703999999991,2.787799999999999
28,112,55,228,8.416420999999993,2.6652000000000076
29,114,59,238,8.627146000000003,2.7779999999999934
25,111,57,220,8.121734999999973,2.472799999999994
21,116,58,232,8.16750499999997,2.3128000000000046
22,116,55,225,8.140619999999998,2.432200000000009
29,119,54,220,8.361294000000001,2.8311999999999973
27,119,51,221,8.484306000000004,2.8990000000000027
24,118,55,223,8.240331999999995,2.6166
30,118,56,230,8.533780000000007,2.8032000000000057
27,118,58,228,8.501332999999988,2.7556000000000047
21,110,57,223,7.8311769999999825,2.0553999999999952
25,112,60,239,8.487319999999997,2.5838000000000108
30,111,55,233,8.436104999999998,2.632200000000001
25,119,60,235,8.544013000000007,2.6933999999999934
22,110,54,238,8.060152000000002,2.2392000000000056
27,117,50,234,8.764241999999996,2.971599999999988
22,118,56,233,8.210539000000011,2.4398000000000017
26,113,55,240,8.431910000000002,2.6887999999999987
30,113,59,230,8.577049999999993,2.7111999999999945
24,111,52,233,8.339519999999993,2.5218000000000007
22,120,55,224,8.056904999999986,2.414000000000012
25,110,55,222,8.100521999999991,2.426800000000007
26,113,57,239,8.445544999999989,2.6613999999999898
22,120,53,237,8.22039599999998,2.4930000000000128
29,112,57,230,8.464222000000007,2.659200000000002
22,120,59,237,8.248571999999974,2.428200000000004
27,110,51,231,8.478352999999991,2.6546000000000145
23,111,59,227,8.193930000000002,2.328600000000005
24,119,58,236,8.386800999999998,2.609199999999994
27,120,55,237,8.46410899999998,2.7766000000000144
24,115,59,240,8.448305999999981,2.6188000000000002
29,117,51,236,8.73459099999998,2.9676000000000045
27,112,55,228,8.389105999999991,2.6392000000000184
21,111,57,232,8.004254999999972,2.1288
21,115,51,228,8.24758299999997,2.437600000000007
23,119,55,238,8.279347000000001,2.559999999999988
23,110,52,235,8.220963999999988,2.3841999999999963
25,118,56,240,8.419304999999994,2.713200000000013
30,112,58,226,8.448771999999991,2.6532000000000124
27,111,51,227,8.491489999999999,2.7125999999999983
24,115,50,227,8.552739999999986,2.768999999999993
26,116,54,230,8.480084000000005,2.753200000000003
20,116,60,230,8.150348000000001,2.2083999999999904
26,113,55,234,8.435857999999996,2.6599999999999895
20,115,54,220,7.858553000000001,2.211600000000013
21,115,58,223,8.043096999999982,2.285399999999992
27,114,54,229,8.482656000000013,2.745000000000008
30,111,57,235,8.452784999999999,2.6177999999999955
22,113,51,238,8.344234,2.5128000000000004
22,112,58,220,7.987335999999992,2.2868000000000084
24,118,53,236,8.422464999999988,2.6903999999999932
23,116,56,228,8.260964999999977,2.51360000000002
20,111,58,231,7.923268000000007,2.0049999999999937
26,119,60,238,8.592573000000009,2.760399999999981
29,117,51,221,8.56162599999999,2.9465999999999983
30,119,56,221,8.369804000000002,2.792200000000001
23,118,58,228,8.286732999999984,2.5155999999999956
27,119,60,225,8.536445000000008,2.766199999999989
20,118,54,229,8.007922999999998,2.2374000000000116
21,110,60,240,8.081152999999993,2.121199999999998
29,120,60,226,8.565160999999975,2.786399999999997
25,113,51,237,8.553961999999984,2.7489999999999952
23,117,50,240,8.545693999999997,2.7604000000000024
28,110,59,231,8.422708,2.536599999999991
22,119,51,237,8.362745000000004,2.590600000000002
26,114,56,227,8.399571000000023,2.6669999999999963
26,111,59,222,8.284346,2.5299999999999887
26,110,54,223,8.186943,2.500600000000002
24,116,59,220,8.26842899999999,2.5972000000000026
27,119,50,231,8.713632999999994,2.9533999999999914
23,112,59,224,8.19308999999999,2.3832000000000004
28,115,57,237,8.559540999999996,2.7809999999999917
24,115,55,222,8.226229999999994,2.5899999999999963
24,118,54,232,8.374920000000003,2.647200000000007
22,120,51,239,8.32734799999998,2.582600000000024
28,119,52,239,8.617359999999998,2.9177999999999926
27,117,51,221,8.517529999999994,2.9081999999999883
26,112,55,232,8.388777000000005,2.607600000000012
26,116,50,238,8.731508000000005,2.940399999999997
20,117,53,226,8.013742,2.263199999999973
28,116,57,234,8.562784999999977,2.7868000000000084
22,120,58,226,8.126691999999977,2.392400000000002
27,112,51,240,8.594842,2.812000000000026
29,119,53,223,8.458969999999994,2.855799999999981
29,114,55,224,8.436854000000011,2.7588000000000044
21,115,51,227,8.234617999999983,2.436600000000002
24,118,55,231,8.349787999999997,2.623000000000001
25,113,55,236,8.391894999999977,2.614800000000008
26,113,57,235,8.448176999999994,2.6421999999999883
23,118,53,239,8.348888999999993,2.624999999999986
29,118,60,228,8.645217000000002,2.8155999999999963
29,112,50,235,8.72397999999999,2.8758000000000035
26,120,58,222,8.311491999999987,2.688399999999996
27,114,56,227,8.437420000000017,2.7066000000000034
21,119,52,224,8.09650599999999,2.4111999999999814
27,117,57,236,8.53787899999999,2.7779999999999987
28,120,52,239,8.586146999999976,2.899400000000007
28,117,58,234,8.588068999999983,2.795999999999994
22,120,58,223,8.074890999999987,2.3930000000000113
27,120,60,229,8.559959999999975,2.7510000000000048
29,117,57,224,8.469414999999998,2.7923999999999918
30,117,52,234,8.673316999999983,2.91519999999999
21,113,51,222,8.10363499999999,2.3731999999999918
20,112,50,229,8.154655000000012,2.257800000000012
25,119,56,222,8.254798000000001,2.6607999999999947
25,118,50,227,8.605624000000006,2.8634000000000004
20,111,52,234,8.00287299999998,2.121999999999998
23,110,57,240,8.124573999999981,2.3012000000000015
26,111,55,233,8.347913000000005,2.5554000000000023
24,112,57,226,8.225985000000001,2.456400000000002
28,111,52,228,8.468668999999984,2.6964000000000183
20,111,54,237,7.926348000000004,2.0698000000000008
25,117,59,225,8.426009999999998,2.6681999999999793
27,118,54,227,8.469584000000012,2.797800000000006
23,110,51,231,8.263752999999987,2.4145999999999983
23,113,60,221,8.227036999999989,2.4465999999999806
23,118,59,231,8.359385000000003,2.5281999999999893
22,116,59,223,8.183699999999995,2.4186000000000085
24,111,52,223,8.217039999999983,2.5097999999999985
23,114,54,238,8.307305000000014,2.535600000000011
23,114,57,225,8.204817000000006,2.458600000000006
28,117,58,227,8.527428000000008,2.780599999999996
29,112,57,238,8.493373999999989,2.688000000000004
26,118,56,222,8.324660000000016,2.7231999999999914
28,114,50,234,8.768388000000016,2.9423999999999992
28,114,52,226,8.55208000000001,2.8328000000000095
25,114,52,231,8.496187999999997,2.7209999999999983
29,120,57,231,8.495732999999966,2.7718000000000043
23,118,60,234,8.43419699999999,2.5515999999999845
25,114,53,234,8.465537999999995,2.6939999999999795
24,114,60,239,8.492519000000001,2.599799999999995
29,117,58,229,8.568704999999994,2.79539999999999
21,116,50,239,8.381443999999966,2.543799999999999
25,120,52,225,8.381431999999975,2.7414000000000183
28,118,50,221,8.611266999999998,2.984599999999986
27,113,56,234,8.47086999999999,2.6851999999999947
21,112,54,228,8.021904999999983,2.2192000000000114
24,114,60,235,8.495151000000007,2.5805999999999933
22,115,53,222,8.127665999999998,2.4659999999999993
28,119,59,231,8.57982100000001,2.7849999999999806
30,116,58,237,8.617586999999979,2.810600000000001
24,113,51,236,8.494985999999983,2.677599999999991
28,110,53,236,8.416336999999984,2.6183999999999905
30,117,57,234,8.583801999999991,2.807199999999982
23,115,57,226,8.238106999999992,2.486399999999989
21,111,60,225,8.050621,2.1405999999999903
21,113,52,227,8.126868999999985,2.3289999999999793
29,114,57,223,8.42754500000001,2.7377999999999965
30,117,54,239,8.592607999999991,2.873399999999993
23,115,57,222,8.166170999999999,2.487999999999987
27,119,54,235,8.511673000000009,2.8078000000000003
24,116,54,238,8.401935999999992,2.662000000000008
22,115,59,239,8.303112999999996,2.4386000000000045
23,120,55,222,8.098053999999983,2.509599999999999
23,114,54,232,8.294045000000011,2.5116000000000174
20,119,54,228,7.974912999999994,2.226800000000008
29,120,50,239,8.744195999999967,3.0054000000000034
23,120,51,239,8.407332999999973,2.676599999999997
23,112,53,223,8.146212999999989,2.448599999999999
21,113,52,239,8.187804999999976,2.367399999999982
30,116,53,240,8.623344999999986,2.898799999999998
29,111,50,221,8.505848999999998,2.8037999999999954
27,113,60,221,8.441636999999993,2.6865999999999897
22,115,60,235,8.363172000000006,2.4338000000000015
30,110,51,240,8.542132999999993,2.729600000000012
21,119,59,221,8.016241999999984,2.313399999999982
25,111,55,233,8.29952999999999,2.5021999999999984
20,120,58,230,7.984111999999989,2.168400000000009
28,117,59,237,8.634909,2.815799999999996
25,113,58,232,8.414005999999993,2.578800000000003
24,120,52,236,8.417807999999965,2.6988000000000163
24,113,51,239,8.490860999999988,2.692599999999988
23,118,51,235,8.462657,2.684999999999988
28,117,59,228,8.58275399999998,2.7887999999999984
20,115,60,238,8.171777000000013,2.2188
23,112,56,233,8.214984000000001,2.395800000000005
23,115,53,221,8.186081999999985,2.561399999999983
20,116,54,225,7.966950999999995,2.225000000000003
25,118,57,233,8.43112099999999,2.6738000000000053
22,117,58,237,8.270647999999987,2.448599999999992
26,118,53,221,8.356800000000007,2.7893999999999988
26,118,53,237,8.529824000000005,2.8150000000000013
22,120,53,234,8.215916999999976,2.4804000000000084
27,115,50,236,8.762949999999975,2.9520000000000035
22,117,59,224,8.200390000000006,2.4271999999999903
24,110,56,232,8.17558799999999,2.3536000000000072
30,120,53,225,8.469971999999984,2.8354000000000052
29,115,56,223,8.432772999999983,2.772599999999999
24,119,55,234,8.345693999999995,2.622799999999991
24,115,59,230,8.426205999999986,2.5787999999999904
30,119,55,237,8.545665,2.8322000000000056
28,116,52,237,8.656778999999986,2.9074000000000204
21,113,53,222,7.992498999999988,2.293999999999988
26,111,57,229,8.325521000000002,2.524199999999997
29,120,50,232,8.733744999999985,2.976000000000006
21,114,50,237,8.360448000000005,2.487399999999992
26,110,56,224,8.184904000000003,2.464000000000002
21,113,51,221,8.082065999999983,2.3745999999999956
25,110,56,228,8.196984999999977,2.412400000000014
25,119,55,229,8.36846599999999,2.6766000000000023
30,115,56,226,8.49082099999999,2.7708000000000066
21,119,52,226,8.129605999999988,2.411199999999976
24,113,51,232,8.480409999999992,2.663199999999991
